{"cameraMode":{"drawMode":0,"name":"Shaded","section":"Shading Mode"},"sceneLighting":true,"audioPlay":false,"sceneViewState":{"m_AlwaysRefresh":false,"showFog":true,"showSkybox":true,"showFlares":true,"showImageEffects":true,"showParticleSystems":true,"showVisualEffectGraphs":true,"m_FxEnabled":true},"in2DMode":false,"pivot":{"x":-0.8401641845703125,"y":-0.7692875862121582,"z":-2.6739540100097658},"rotation":{"x":0.035467322915792468,"y":-0.9583156108856201,"z":0.2482747882604599,"w":0.13690303266048432},"size":4.746277809143066,"orthographic":false}