{"cameraMode":{"drawMode":0,"name":"Shaded","section":"Shading Mode"},"sceneLighting":true,"audioPlay":false,"sceneViewState":{"m_AlwaysRefresh":false,"showFog":false,"showSkybox":true,"showFlares":false,"showImageEffects":true,"showParticleSystems":false,"showVisualEffectGraphs":true,"m_FxEnabled":true},"in2DMode":false,"pivot":{"x":3.0406534671783449,"y":3.6563825607299806,"z":-3.3856539726257326},"rotation":{"x":0.012808352708816529,"y":-0.877708375453949,"z":0.47886592149734499,"w":0.02320241369307041},"size":4.49965238571167,"orthographic":false}