{"cameraMode":{"drawMode":0,"name":"Shaded","section":"Shading Mode"},"sceneLighting":true,"audioPlay":false,"sceneViewState":{"m_AlwaysRefresh":false,"showFog":false,"showSkybox":true,"showFlares":false,"showImageEffects":true,"showParticleSystems":false,"showVisualEffectGraphs":true,"m_FxEnabled":true},"in2DMode":false,"pivot":{"x":6.505749225616455,"y":10.634989738464356,"z":-0.8679540753364563},"rotation":{"x":-0.24253974854946137,"y":0.7555176615715027,"z":-0.39769816398620608,"w":-0.46113303303718569},"size":1.3566337823867798,"orthographic":false}