{"cameraMode":{"drawMode":0,"name":"Shaded","section":"Shading Mode"},"sceneLighting":true,"audioPlay":false,"sceneViewState":{"m_AlwaysRefresh":false,"showFog":false,"showSkybox":true,"showFlares":false,"showImageEffects":true,"showParticleSystems":false,"showVisualEffectGraphs":true,"m_FxEnabled":true},"in2DMode":false,"pivot":{"x":0.0617368221282959,"y":3.587646007537842,"z":-8.279462814331055},"rotation":{"x":-0.3427245020866394,"y":0.005901029333472252,"z":-0.0021565710194408895,"w":-0.9394567012786865},"size":3.626509189605713,"orthographic":false}